ref_id	name\scores
ref_1	Alcohol content	0.7129128102022892
ref_2	Potassium concentration	0.7177482425926759
ref_3	malic acid concentration	0.7355131413398712
ref_4	Sour rot	0.966728499730558
